Workbook

Sheet Présences
A2: Présences des auditeurs – Algèbre Linéaire avec Python (NumPy) – M. Baba KOUROUMA – Septembre 2026
A3: P : identifié • P* : nom court unique dans la liste, rapprochement probable • ? : à confirmer • NV : non visible
A4: Une présence dans au moins un appel suffit pour le jour. NV ne prouve pas une absence au cours.
A5: Nbre Heures | B5: =SUM(C5:M5) | C5: 2 | D5: 4 | E5: 2 | F5: 2 | G5: 2 | H5: 4 | I5: 2 | J5: 2 | K5: 4 | L5: 2 | M5: 2
A6: Matricule | B6: Nom et prénom | C6: 46266 | D6: 46270 | E6: 46272 | F6: 46273 | G6: 46276 | H6: 46277 | I6: 46279 | J6: 46280 | K6: 46284 | L6: 46286 | M6: 46287 | N6: Jours P | O6: Jours P*
A7: 33021 | B7: AGBATO KARL VIANNEY EMMANUEL | E7: =IF(COUNTIFS(Appels!C8:C8,"P")>0,"P",IF(SUMPRODUCT((Appels!C8:C8="P*")*1)>0,"P*",IF(SUMPRODUCT((Appels!C8:C8="?")*1)>0,"?","NV"))) | F7: =IF(COUNTIFS(Appels!D8:E8,"P")>0,"P",IF(SUMPRODUCT((Appels!D8:E8="P*")*1)>0,"P*",IF(SUMPRODUCT((Appels!D8:E8="?")*1)>0,"?","NV"))) | G7: =IF(COUNTIFS(Appels!F8:F8,"P")>0,"P",IF(SUMPRODUCT((Appels!F8:F8="P*")*1)>0,"P*",IF(SUMPRODUCT((Appels!F8:F8="?")*1)>0,"?","NV"))) | H7: =IF(COUNTIFS(Appels!G8:H8,"P")>0,"P",IF(SUMPRODUCT((Appels!G8:H8="P*")*1)>0,"P*",IF(SUMPRODUCT((Appels!G8:H8="?")*1)>0,"?","NV"))) | I7: =IF(COUNTIFS(Appels!I8:J8,"P")>0,"P",IF(SUMPRODUCT((Appels!I8:J8="P*")*1)>0,"P*",IF(SUMPRODUCT((Appels!I8:J8="?")*1)>0,"?","NV"))) | J7: =IF(COUNTIFS(Appels!K8:M8,"P")>0,"P",IF(SUMPRODUCT((Appels!K8:M8="P*")*1)>0,"P*",IF(SUMPRODUCT((Appels!K8:M8="?")*1)>0,"?","NV"))) | K7: =IF(COUNTIFS(Appels!N8:O8,"P")>0,"P",IF(SUMPRODUCT((Appels!N8:O8="P*")*1)>0,"P*",IF(SUMPRODUCT((Appels!N8:O8="?")*1)>0,"?","NV"))) | L7: =IF(COUNTIFS(Appels!P8:P8,"P")>0,"P",IF(SUMPRODUCT((Appels!P8:P8="P*")*1)>0,"P*",IF(SUMPRODUCT((Appels!P8:P8="?")*1)>0,"?","NV"))) | M7: =IF(COUNTIFS(Appels!Q8:Q8,"P")>0,"P",IF(SUMPRODUCT((Appels!Q8:Q8="P*")*1)>0,"P*",IF(SUMPRODUCT((Appels!Q8:Q8="?")*1)>0,"?","NV"))) | N7: =COUNTIFS(E7:M7,"P") | O7: =SUMPRODUCT((E7:M7="P*")*1)
A8: 32260 | B8: AKA AHOU GERVAISE NAOMI | E8: =IF(COUNTIFS(Appels!C9:C9,"P")>0,"P",IF(SUMPRODUCT((Appels!C9:C9="P*")*1)>0,"P*",IF(SUMPRODUCT((Appels!C9:C9="?")*1)>0,"?","NV"))) | F8: =IF(COUNTIFS(Appels!D9:E9,"P")>0,"P",IF(SUMPRODUCT((Appels!D9:E9="P*")*1)>0,"P*",IF(SUMPRODUCT((Appels!D9:E9="?")*1)>0,"?","NV"))) | G8: =IF(COUNTIFS(Appels!F9:F9,"P")>0,"P",IF(SUMPRODUCT((Appels!F9:F9="P*")*1)>0,"P*",IF(SUMPRODUCT((Appels!F9:F9="?")*1)>0,"?","NV"))) | H8: =IF(COUNTIFS(Appels!G9:H9,"P")>0,"P",IF(SUMPRODUCT((Appels!G9:H9="P*")*1)>0,"P*",IF(SUMPRODUCT((Appels!G9:H9="?")*1)>0,"?","NV"))) | I8: =IF(COUNTIFS(Appels!I9:J9,"P")>0,"P",IF(SUMPRODUCT((Appels!I9:J9="P*")*1)>0,"P*",IF(SUMPRODUCT((Appels!I9:J9="?")*1)>0,"?","NV"))) | J8: =IF(COUNTIFS(Appels!K9:M9,"P")>0,"P",IF(SUMPRODUCT((Appels!K9:M9="P*")*1)>0,"P*",IF(SUMPRODUCT((Appels!K9:M9="?")*1)>0,"?","NV"))) | K8: =IF(COUNTIFS(Appels!N9:O9,"P")>0,"P",IF(SUMPRODUCT((Appels!N9:O9="P*")*1)>0,"P*",IF(SUMPRODUCT((Appels!N9:O9="?")*1)>0,"?","NV"))) | L8: =IF(COUNTIFS(Appels!P9:P9,"P")>0,"P",IF(SUMPRODUCT((Appels!P9:P9="P*")*1)>0,"P*",IF(SUMPRODUCT((Appels!P9:P9="?")*1)>0,"?","NV"))) | M8: =IF(COUNTIFS(Appels!Q9:Q9,"P")>0,"P",IF(SUMPRODUCT((Appels!Q9:Q9="P*")*1)>0,"P*",IF(SUMPRODUCT((Appels!Q9:Q9="?")*1)>0,"?","NV"))) | N8: =COUNTIFS(E8:M8,"P") | O8: =SUMPRODUCT((E8:M8="P*")*1)
A9: 33055 | B9: BAKARE MARIAM | E9: =IF(COUNTIFS(Appels!C10:C10,"P")>0,"P",IF(SUMPRODUCT((Appels!C10:C10="P*")*1)>0,"P*",IF(SUMPRODUCT((Appels!C10:C10="?")*1)>0,"?","NV"))) | F9: =IF(COUNTIFS(Appels!D10:E10,"P")>0,"P",IF(SUMPRODUCT((Appels!D10:E10="P*")*1)>0,"P*",IF(SUMPRODUCT((Appels!D10:E10="?")*1)>0,"?","NV"))) | G9: =IF(COUNTIFS(Appels!F10:F10,"P")>0,"P",IF(SUMPRODUCT((Appels!F10:F10="P*")*1)>0,"P*",IF(SUMPRODUCT((Appels!F10:F10="?")*1)>0,"?","NV"))) | H9: =IF(COUNTIFS(Appels!G10:H10,"P")>0,"P",IF(SUMPRODUCT((Appels!G10:H10="P*")*1)>0,"P*",IF(SUMPRODUCT((Appels!G10:H10="?")*1)>0,"?","NV"))) | I9: =IF(COUNTIFS(Appels!I10:J10,"P")>0,"P",IF(SUMPRODUCT((Appels!I10:J10="P*")*1)>0,"P*",IF(SUMPRODUCT((Appels!I10:J10="?")*1)>0,"?","NV"))) | J9: =IF(COUNTIFS(Appels!K10:M10,"P")>0,"P",IF(SUMPRODUCT((Appels!K10:M10="P*")*1)>0,"P*",IF(SUMPRODUCT((Appels!K10:M10="?")*1)>0,"?","NV"))) | K9: =IF(COUNTIFS(Appels!N10:O10,"P")>0,"P",IF(SUMPRODUCT((Appels!N10:O10="P*")*1)>0,"P*",IF(SUMPRODUCT((Appels!N10:O10="?")*1)>0,"?","NV"))) | L9: =IF(COUNTIFS(Appels!P10:P10,"P")>0,"P",IF(SUMPRODUCT((Appels!P10:P10="P*")*1)>0,"P*",IF(SUMPRODUCT((Appels!P10:P10="?")*1)>0,"?","NV"))) | M9: =IF(COUNTIFS(Appels!Q10:Q10,"P")>0,"P",IF(SUMPRODUCT((Appels!Q10:Q10="P*")*1)>0,"P*",IF(SUMPRODUCT((Appels!Q10:Q10="?")*1)>0,"?","NV"))) | N9: =COUNTIFS(E9:M9,"P") | O9: =SUMPRODUCT((E9:M9="P*")*1)
A10: 33592 | B10: BAMBA MOHAMED | E10: =IF(COUNTIFS(Appels!C11:C11,"P")>0,"P",IF(SUMPRODUCT((Appels!C11:C11="P*")*1)>0,"P*",IF(SUMPRODUCT((Appels!C11:C11="?")*1)>0,"?","NV"))) | F10: =IF(COUNTIFS(Appels!D11:E11,"P")>0,"P",IF(SUMPRODUCT((Appels!D11:E11="P*")*1)>0,"P*",IF(SUMPRODUCT((Appels!D11:E11="?")*1)>0,"?","NV"))) | G10: =IF(COUNTIFS(Appels!F11:F11,"P")>0,"P",IF(SUMPRODUCT((Appels!F11:F11="P*")*1)>0,"P*",IF(SUMPRODUCT((Appels!F11:F11="?")*1)>0,"?","NV"))) | H10: =IF(COUNTIFS(Appels!G11:H11,"P")>0,"P",IF(SUMPRODUCT((Appels!G11:H11="P*")*1)>0,"P*",IF(SUMPRODUCT((Appels!G11:H11="?")*1)>0,"?","NV"))) | I10: =IF(COUNTIFS(Appels!I11:J11,"P")>0,"P",IF(SUMPRODUCT((Appels!I11:J11="P*")*1)>0,"P*",IF(SUMPRODUCT((Appels!I11:J11="?")*1)>0,"?","NV"))) | J10: =IF(COUNTIFS(Appels!K11:M11,"P")>0,"P",IF(SUMPRODUCT((Appels!K11:M11="P*")*1)>0,"P*",IF(SUMPRODUCT((Appels!K11:M11="?")*1)>0,"?","NV"))) | K10: =IF(COUNTIFS(Appels!N11:O11,"P")>0,"P",IF(SUMPRODUCT((Appels!N11:O11="P*")*1)>0,"P*",IF(SUMPRODUCT((Appels!N11:O11="?")*1)>0,"?","NV"))) | L10: =IF(COUNTIFS(Appels!P11:P11,"P")>0,"P",IF(SUMPRODUCT((Appels!P11:P11="P*")*1)>0,"P*",IF(SUMPRODUCT((Appels!P11:P11="?")*1)>0,"?","NV"))) | M10: =IF(COUNTIFS(Appels!Q11:Q11,"P")>0,"P",IF(SUMPRODUCT((Appels!Q11:Q11="P*")*1)>0,"P*",IF(SUMPRODUCT((Appels!Q11:Q11="?")*1)>0,"?","NV"))) | N10: =COUNTIFS(E10:M10,"P") | O10: =SUMPRODUCT((E10:M10="P*")*1)
A11: 32197 | B11: BEKLOU HIEOUYA AUDE SAMIRAH | E11: =IF(COUNTIFS(Appels!C12:C12,"P")>0,"P",IF(SUMPRODUCT((Appels!C12:C12="P*")*1)>0,"P*",IF(SUMPRODUCT((Appels!C12:C12="?")*1)>0,"?","NV"))) | F11: =IF(COUNTIFS(Appels!D12:E12,"P")>0,"P",IF(SUMPRODUCT((Appels!D12:E12="P*")*1)>0,"P*",IF(SUMPRODUCT((Appels!D12:E12="?")*1)>0,"?","NV"))) | G11: =IF(COUNTIFS(Appels!F12:F12,"P")>0,"P",IF(SUMPRODUCT((Appels!F12:F12="P*")*1)>0,"P*",IF(SUMPRODUCT((Appels!F12:F12="?")*1)>0,"?","NV"))) | H11: =IF(COUNTIFS(Appels!G12:H12,"P")>0,"P",IF(SUMPRODUCT((Appels!G12:H12="P*")*1)>0,"P*",IF(SUMPRODUCT((Appels!G12:H12="?")*1)>0,"?","NV"))) | I11: =IF(COUNTIFS(Appels!I12:J12,"P")>0,"P",IF(SUMPRODUCT((Appels!I12:J12="P*")*1)>0,"P*",IF(SUMPRODUCT((Appels!I12:J12="?")*1)>0,"?","NV"))) | J11: =IF(COUNTIFS(Appels!K12:M12,"P")>0,"P",IF(SUMPRODUCT((Appels!K12:M12="P*")*1)>0,"P*",IF(SUMPRODUCT((Appels!K12:M12="?")*1)>0,"?","NV"))) | K11: =IF(COUNTIFS(Appels!N12:O12,"P")>0,"P",IF(SUMPRODUCT((Appels!N12:O12="P*")*1)>0,"P*",IF(SUMPRODUCT((Appels!N12:O12="?")*1)>0,"?","NV"))) | L11: =IF(COUNTIFS(Appels!P12:P12,"P")>0,"P",IF(SUMPRODUCT((Appels!P12:P12="P*")*1)>0,"P*",IF(SUMPRODUCT((Appels!P12:P12="?")*1)>0,"?","NV"))) | M11: =IF(COUNTIFS(Appels!Q12:Q12,"P")>0,"P",IF(SUMPRODUCT((Appels!Q12:Q12="P*")*1)>0,"P*",IF(SUMPRODUCT((Appels!Q12:Q12="?")*1)>0,"?","NV"))) | N11: =COUNTIFS(E11:M11,"P") | O11: =SUMPRODUCT((E11:M11="P*")*1)
A12: 32688 | B12: BESDALI YOHAN ARMSTRONG | E12: =IF(COUNTIFS(Appels!C13:C13,"P")>0,"P",IF(SUMPRODUCT((Appels!C13:C13="P*")*1)>0,"P*",IF(SUMPRODUCT((Appels!C13:C13="?")*1)>0,"?","NV"))) | F12: =IF(COUNTIFS(Appels!D13:E13,"P")>0,"P",IF(SUMPRODUCT((Appels!D13:E13="P*")*1)>0,"P*",IF(SUMPRODUCT((Appels!D13:E13="?")*1)>0,"?","NV"))) | G12: =IF(COUNTIFS(Appels!F13:F13,"P")>0,"P",IF(SUMPRODUCT((Appels!F13:F13="P*")*1)>0,"P*",IF(SUMPRODUCT((Appels!F13:F13="?")*1)>0,"?","NV"))) | H12: P | I12: P | J12: =IF(COUNTIFS(Appels!K13:M13,"P")>0,"P",IF(SUMPRODUCT((Appels!K13:M13="P*")*1)>0,"P*",IF(SUMPRODUCT((Appels!K13:M13="?")*1)>0,"?","NV"))) | K12: =IF(COUNTIFS(Appels!N13:O13,"P")>0,"P",IF(SUMPRODUCT((Appels!N13:O13="P*")*1)>0,"P*",IF(SUMPRODUCT((Appels!N13:O13="?")*1)>0,"?","NV"))) | L12: =IF(COUNTIFS(Appels!P13:P13,"P")>0,"P",IF(SUMPRODUCT((Appels!P13:P13="P*")*1)>0,"P*",IF(SUMPRODUCT((Appels!P13:P13="?")*1)>0,"?","NV"))) | M12: =IF(COUNTIFS(Appels!Q13:Q13,"P")>0,"P",IF(SUMPRODUCT((Appels!Q13:Q13="P*")*1)>0,"P*",IF(SUMPRODUCT((Appels!Q13:Q13="?")*1)>0,"?","NV"))) | N12: =COUNTIFS(E12:M12,"P") | O12: =SUMPRODUCT((E12:M12="P*")*1)
A13: 33036 | B13: BOUNDY ASSETOU IBRAHIM | E13: =IF(COUNTIFS(Appels!C14:C14,"P")>0,"P",IF(SUMPRODUCT((Appels!C14:C14="P*")*1)>0,"P*",IF(SUMPRODUCT((Appels!C14:C14="?")*1)>0,"?","NV"))) | F13: =IF(COUNTIFS(Appels!D14:E14,"P")>0,"P",IF(SUMPRODUCT((Appels!D14:E14="P*")*1)>0,"P*",IF(SUMPRODUCT((Appels!D14:E14="?")*1)>0,"?","NV"))) | G13: =IF(COUNTIFS(Appels!F14:F14,"P")>0,"P",IF(SUMPRODUCT((Appels!F14:F14="P*")*1)>0,"P*",IF(SUMPRODUCT((Appels!F14:F14="?")*1)>0,"?","NV"))) | H13: =IF(COUNTIFS(Appels!G14:H14,"P")>0,"P",IF(SUMPRODUCT((Appels!G14:H14="P*")*1)>0,"P*",IF(SUMPRODUCT((Appels!G14:H14="?")*1)>0,"?","NV"))) | I13: =IF(COUNTIFS(Appels!I14:J14,"P")>0,"P",IF(SUMPRODUCT((Appels!I14:J14="P*")*1)>0,"P*",IF(SUMPRODUCT((Appels!I14:J14="?")*1)>0,"?","NV"))) | J13: =IF(COUNTIFS(Appels!K14:M14,"P")>0,"P",IF(SUMPRODUCT((Appels!K14:M14="P*")*1)>0,"P*",IF(SUMPRODUCT((Appels!K14:M14="?")*1)>0,"?","NV"))) | K13: =IF(COUNTIFS(Appels!N14:O14,"P")>0,"P",IF(SUMPRODUCT((Appels!N14:O14="P*")*1)>0,"P*",IF(SUMPRODUCT((Appels!N14:O14="?")*1)>0,"?","NV"))) | L13: =IF(COUNTIFS(Appels!P14:P14,"P")>0,"P",IF(SUMPRODUCT((Appels!P14:P14="P*")*1)>0,"P*",IF(SUMPRODUCT((Appels!P14:P14="?")*1)>0,"?","NV"))) | M13: =IF(COUNTIFS(Appels!Q14:Q14,"P")>0,"P",IF(SUMPRODUCT((Appels!Q14:Q14="P*")*1)>0,"P*",IF(SUMPRODUCT((Appels!Q14:Q14="?")*1)>0,"?","NV"))) | N13: =COUNTIFS(E13:M13,"P") | O13: =SUMPRODUCT((E13:M13="P*")*1)
A14: 32365 | B14: CAMARA OFFE KALPI ANGE-EMMANUEL | E14: =IF(COUNTIFS(Appels!C15:C15,"P")>0,"P",IF(SUMPRODUCT((Appels!C15:C15="P*")*1)>0,"P*",IF(SUMPRODUCT((Appels!C15:C15="?")*1)>0,"?","NV"))) | F14: =IF(COUNTIFS(Appels!D15:E15,"P")>0,"P",IF(SUMPRODUCT((Appels!D15:E15="P*")*1)>0,"P*",IF(SUMPRODUCT((Appels!D15:E15="?")*1)>0,"?","NV"))) | G14: =IF(COUNTIFS(Appels!F15:F15,"P")>0,"P",IF(SUMPRODUCT((Appels!F15:F15="P*")*1)>0,"P*",IF(SUMPRODUCT((Appels!F15:F15="?")*1)>0,"?","NV"))) | H14: =IF(COUNTIFS(Appels!G15:H15,"P")>0,"P",IF(SUMPRODUCT((Appels!G15:H15="P*")*1)>0,"P*",IF(SUMPRODUCT((Appels!G15:H15="?")*1)>0,"?","NV"))) | I14: =IF(COUNTIFS(Appels!I15:J15,"P")>0,"P",IF(SUMPRODUCT((Appels!I15:J15="P*")*1)>0,"P*",IF(SUMPRODUCT((Appels!I15:J15="?")*1)>0,"?","NV"))) | J14: =IF(COUNTIFS(Appels!K15:M15,"P")>0,"P",IF(SUMPRODUCT((Appels!K15:M15="P*")*1)>0,"P*",IF(SUMPRODUCT((Appels!K15:M15="?")*1)>0,"?","NV"))) | K14: =IF(COUNTIFS(Appels!N15:O15,"P")>0,"P",IF(SUMPRODUCT((Appels!N15:O15="P*")*1)>0,"P*",IF(SUMPRODUCT((Appels!N15:O15="?")*1)>0,"?","NV"))) | L14: =IF(COUNTIFS(Appels!P15:P15,"P")>0,"P",IF(SUMPRODUCT((Appels!P15:P15="P*")*1)>0,"P*",IF(SUMPRODUCT((Appels!P15:P15="?")*1)>0,"?","NV"))) | M14: =IF(COUNTIFS(Appels!Q15:Q15,"P")>0,"P",IF(SUMPRODUCT((Appels!Q15:Q15="P*")*1)>0,"P*",IF(SUMPRODUCT((Appels!Q15:Q15="?")*1)>0,"?","NV"))) | N14: =COUNTIFS(E14:M14,"P") | O14: =SUMPRODUCT((E14:M14="P*")*1)
A15: 32982 | B15: COULIBALY ALIMA VALERIE | E15: =IF(COUNTIFS(Appels!C16:C16,"P")>0,"P",IF(SUMPRODUCT((Appels!C16:C16="P*")*1)>0,"P*",IF(SUMPRODUCT((Appels!C16:C16="?")*1)>0,"?","NV"))) | F15: =IF(COUNTIFS(Appels!D16:E16,"P")>0,"P",IF(SUMPRODUCT((Appels!D16:E16="P*")*1)>0,"P*",IF(SUMPRODUCT((Appels!D16:E16="?")*1)>0,"?","NV"))) | G15: =IF(COUNTIFS(Appels!F16:F16,"P")>0,"P",IF(SUMPRODUCT((Appels!F16:F16="P*")*1)>0,"P*",IF(SUMPRODUCT((Appels!F16:F16="?")*1)>0,"?","NV"))) | H15: =IF(COUNTIFS(Appels!G16:H16,"P")>0,"P",IF(SUMPRODUCT((Appels!G16:H16="P*")*1)>0,"P*",IF(SUMPRODUCT((Appels!G16:H16="?")*1)>0,"?","NV"))) | I15: =IF(COUNTIFS(Appels!I16:J16,"P")>0,"P",IF(SUMPRODUCT((Appels!I16:J16="P*")*1)>0,"P*",IF(SUMPRODUCT((Appels!I16:J16="?")*1)>0,"?","NV"))) | J15: =IF(COUNTIFS(Appels!K16:M16,"P")>0,"P",IF(SUMPRODUCT((Appels!K16:M16="P*")*1)>0,"P*",IF(SUMPRODUCT((Appels!K16:M16="?")*1)>0,"?","NV"))) | K15: =IF(COUNTIFS(Appels!N16:O16,"P")>0,"P",IF(SUMPRODUCT((Appels!N16:O16="P*")*1)>0,"P*",IF(SUMPRODUCT((Appels!N16:O16="?")*1)>0,"?","NV"))) | L15: =IF(COUNTIFS(Appels!P16:P16,"P")>0,"P",IF(SUMPRODUCT((Appels!P16:P16="P*")*1)>0,"P*",IF(SUMPRODUCT((Appels!P16:P16="?")*1)>0,"?","NV"))) | M15: =IF(COUNTIFS(Appels!Q16:Q16,"P")>0,"P",IF(SUMPRODUCT((Appels!Q16:Q16="P*")*1)>0,"P*",IF(SUMPRODUCT((Appels!Q16:Q16="?")*1)>0,"?","NV"))) | N15: =COUNTIFS(E15:M15,"P") | O15: =SUMPRODUCT((E15:M15="P*")*1)
A16: 33042 | B16: COULIBALY KADIDIATOU | E16: =IF(COUNTIFS(Appels!C17:C17,"P")>0,"P",IF(SUMPRODUCT((Appels!C17:C17="P*")*1)>0,"P*",IF(SUMPRODUCT((Appels!C17:C17="?")*1)>0,"?","NV"))) | F16: =IF(COUNTIFS(Appels!D17:E17,"P")>0,"P",IF(SUMPRODUCT((Appels!D17:E17="P*")*1)>0,"P*",IF(SUMPRODUCT((Appels!D17:E17="?")*1)>0,"?","NV"))) | G16: =IF(COUNTIFS(Appels!F17:F17,"P")>0,"P",IF(SUMPRODUCT((Appels!F17:F17="P*")*1)>0,"P*",IF(SUMPRODUCT((Appels!F17:F17="?")*1)>0,"?","NV"))) | H16: =IF(COUNTIFS(Appels!G17:H17,"P")>0,"P",IF(SUMPRODUCT((Appels!G17:H17="P*")*1)>0,"P*",IF(SUMPRODUCT((Appels!G17:H17="?")*1)>0,"?","NV"))) | I16: =IF(COUNTIFS(Appels!I17:J17,"P")>0,"P",IF(SUMPRODUCT((Appels!I17:J17="P*")*1)>0,"P*",IF(SUMPRODUCT((Appels!I17:J17="?")*1)>0,"?","NV"))) | J16: =IF(COUNTIFS(Appels!K17:M17,"P")>0,"P",IF(SUMPRODUCT((Appels!K17:M17="P*")*1)>0,"P*",IF(SUMPRODUCT((Appels!K17:M17="?")*1)>0,"?","NV"))) | K16: =IF(COUNTIFS(Appels!N17:O17,"P")>0,"P",IF(SUMPRODUCT((Appels!N17:O17="P*")*1)>0,"P*",IF(SUMPRODUCT((Appels!N17:O17="?")*1)>0,"?","NV"))) | L16: =IF(COUNTIFS(Appels!P17:P17,"P")>0,"P",IF(SUMPRODUCT((Appels!P17:P17="P*")*1)>0,"P*",IF(SUMPRODUCT((Appels!P17:P17="?")*1)>0,"?","NV"))) | M16: =IF(COUNTIFS(Appels!Q17:Q17,"P")>0,"P",IF(SUMPRODUCT((Appels!Q17:Q17="P*")*1)>0,"P*",IF(SUMPRODUCT((Appels!Q17:Q17="?")*1)>0,"?","NV"))) | N16: =COUNTIFS(E16:M16,"P") | O16: =SUMPRODUCT((E16:M16="P*")*1)
A17: 33596 | B17: DIAKITE MODIBO | E17: =IF(COUNTIFS(Appels!C18:C18,"P")>0,"P",IF(SUMPRODUCT((Appels!C18:C18="P*")*1)>0,"P*",IF(SUMPRODUCT((Appels!C18:C18="?")*1)>0,"?","NV"))) | F17: =IF(COUNTIFS(Appels!D18:E18,"P")>0,"P",IF(SUMPRODUCT((Appels!D18:E18="P*")*1)>0,"P*",IF(SUMPRODUCT((Appels!D18:E18="?")*1)>0,"?","NV"))) | G17: =IF(COUNTIFS(Appels!F18:F18,"P")>0,"P",IF(SUMPRODUCT((Appels!F18:F18="P*")*1)>0,"P*",IF(SUMPRODUCT((Appels!F18:F18="?")*1)>0,"?","NV"))) | H17: =IF(COUNTIFS(Appels!G18:H18,"P")>0,"P",IF(SUMPRODUCT((Appels!G18:H18="P*")*1)>0,"P*",IF(SUMPRODUCT((Appels!G18:H18="?")*1)>0,"?","NV"))) | I17: =IF(COUNTIFS(Appels!I18:J18,"P")>0,"P",IF(SUMPRODUCT((Appels!I18:J18="P*")*1)>0,"P*",IF(SUMPRODUCT((Appels!I18:J18="?")*1)>0,"?","NV"))) | J17: =IF(COUNTIFS(Appels!K18:M18,"P")>0,"P",IF(SUMPRODUCT((Appels!K18:M18="P*")*1)>0,"P*",IF(SUMPRODUCT((Appels!K18:M18="?")*1)>0,"?","NV"))) | K17: =IF(COUNTIFS(Appels!N18:O18,"P")>0,"P",IF(SUMPRODUCT((Appels!N18:O18="P*")*1)>0,"P*",IF(SUMPRODUCT((Appels!N18:O18="?")*1)>0,"?","NV"))) | L17: =IF(COUNTIFS(Appels!P18:P18,"P")>0,"P",IF(SUMPRODUCT((Appels!P18:P18="P*")*1)>0,"P*",IF(SUMPRODUCT((Appels!P18:P18="?")*1)>0,"?","NV"))) | M17: =IF(COUNTIFS(Appels!Q18:Q18,"P")>0,"P",IF(SUMPRODUCT((Appels!Q18:Q18="P*")*1)>0,"P*",IF(SUMPRODUCT((Appels!Q18:Q18="?")*1)>0,"?","NV"))) | N17: =COUNTIFS(E17:M17,"P") | O17: =SUMPRODUCT((E17:M17="P*")*1)
A18: 33614 | B18: GBLA TONGA ELIEL | E18: =IF(COUNTIFS(Appels!C19:C19,"P")>0,"P",IF(SUMPRODUCT((Appels!C19:C19="P*")*1)>0,"P*",IF(SUMPRODUCT((Appels!C19:C19="?")*1)>0,"?","NV"))) | F18: =IF(COUNTIFS(Appels!D19:E19,"P")>0,"P",IF(SUMPRODUCT((Appels!D19:E19="P*")*1)>0,"P*",IF(SUMPRODUCT((Appels!D19:E19="?")*1)>0,"?","NV"))) | G18: =IF(COUNTIFS(Appels!F19:F19,"P")>0,"P",IF(SUMPRODUCT((Appels!F19:F19="P*")*1)>0,"P*",IF(SUMPRODUCT((Appels!F19:F19="?")*1)>0,"?","NV"))) | H18: =IF(COUNTIFS(Appels!G19:H19,"P")>0,"P",IF(SUMPRODUCT((Appels!G19:H19="P*")*1)>0,"P*",IF(SUMPRODUCT((Appels!G19:H19="?")*1)>0,"?","NV"))) | I18: =IF(COUNTIFS(Appels!I19:J19,"P")>0,"P",IF(SUMPRODUCT((Appels!I19:J19="P*")*1)>0,"P*",IF(SUMPRODUCT((Appels!I19:J19="?")*1)>0,"?","NV"))) | J18: =IF(COUNTIFS(Appels!K19:M19,"P")>0,"P",IF(SUMPRODUCT((Appels!K19:M19="P*")*1)>0,"P*",IF(SUMPRODUCT((Appels!K19:M19="?")*1)>0,"?","NV"))) | K18: =IF(COUNTIFS(Appels!N19:O19,"P")>0,"P",IF(SUMPRODUCT((Appels!N19:O19="P*")*1)>0,"P*",IF(SUMPRODUCT((Appels!N19:O19="?")*1)>0,"?","NV"))) | L18: =IF(COUNTIFS(Appels!P19:P19,"P")>0,"P",IF(SUMPRODUCT((Appels!P19:P19="P*")*1)>0,"P*",IF(SUMPRODUCT((Appels!P19:P19="?")*1)>0,"?","NV"))) | M18: =IF(COUNTIFS(Appels!Q19:Q19,"P")>0,"P",IF(SUMPRODUCT((Appels!Q19:Q19="P*")*1)>0,"P*",IF(SUMPRODUCT((Appels!Q19:Q19="?")*1)>0,"?","NV"))) | N18: =COUNTIFS(E18:M18,"P") | O18: =SUMPRODUCT((E18:M18="P*")*1)
A19: 32945 | B19: KACOU AYA AGNES EMMANUELLA LESLIE | E19: =IF(COUNTIFS(Appels!C20:C20,"P")>0,"P",IF(SUMPRODUCT((Appels!C20:C20="P*")*1)>0,"P*",IF(SUMPRODUCT((Appels!C20:C20="?")*1)>0,"?","NV"))) | F19: =IF(COUNTIFS(Appels!D20:E20,"P")>0,"P",IF(SUMPRODUCT((Appels!D20:E20="P*")*1)>0,"P*",IF(SUMPRODUCT((Appels!D20:E20="?")*1)>0,"?","NV"))) | G19: =IF(COUNTIFS(Appels!F20:F20,"P")>0,"P",IF(SUMPRODUCT((Appels!F20:F20="P*")*1)>0,"P*",IF(SUMPRODUCT((Appels!F20:F20="?")*1)>0,"?","NV"))) | H19: =IF(COUNTIFS(Appels!G20:H20,"P")>0,"P",IF(SUMPRODUCT((Appels!G20:H20="P*")*1)>0,"P*",IF(SUMPRODUCT((Appels!G20:H20="?")*1)>0,"?","NV"))) | I19: =IF(COUNTIFS(Appels!I20:J20,"P")>0,"P",IF(SUMPRODUCT((Appels!I20:J20="P*")*1)>0,"P*",IF(SUMPRODUCT((Appels!I20:J20="?")*1)>0,"?","NV"))) | J19: =IF(COUNTIFS(Appels!K20:M20,"P")>0,"P",IF(SUMPRODUCT((Appels!K20:M20="P*")*1)>0,"P*",IF(SUMPRODUCT((Appels!K20:M20="?")*1)>0,"?","NV"))) | K19: =IF(COUNTIFS(Appels!N20:O20,"P")>0,"P",IF(SUMPRODUCT((Appels!N20:O20="P*")*1)>0,"P*",IF(SUMPRODUCT((Appels!N20:O20="?")*1)>0,"?","NV"))) | L19: =IF(COUNTIFS(Appels!P20:P20,"P")>0,"P",IF(SUMPRODUCT((Appels!P20:P20="P*")*1)>0,"P*",IF(SUMPRODUCT((Appels!P20:P20="?")*1)>0,"?","NV"))) | M19: =IF(COUNTIFS(Appels!Q20:Q20,"P")>0,"P",IF(SUMPRODUCT((Appels!Q20:Q20="P*")*1)>0,"P*",IF(SUMPRODUCT((Appels!Q20:Q20="?")*1)>0,"?","NV"))) | N19: =COUNTIFS(E19:M19,"P") | O19: =SUMPRODUCT((E19:M19="P*")*1)
A20: 32965 | B20: N'GUESSAN KAMLAN GUY | E20: =IF(COUNTIFS(Appels!C21:C21,"P")>0,"P",IF(SUMPRODUCT((Appels!C21:C21="P*")*1)>0,"P*",IF(SUMPRODUCT((Appels!C21:C21="?")*1)>0,"?","NV"))) | F20: =IF(COUNTIFS(Appels!D21:E21,"P")>0,"P",IF(SUMPRODUCT((Appels!D21:E21="P*")*1)>0,"P*",IF(SUMPRODUCT((Appels!D21:E21="?")*1)>0,"?","NV"))) | G20: =IF(COUNTIFS(Appels!F21:F21,"P")>0,"P",IF(SUMPRODUCT((Appels!F21:F21="P*")*1)>0,"P*",IF(SUMPRODUCT((Appels!F21:F21="?")*1)>0,"?","NV"))) | H20: =IF(COUNTIFS(Appels!G21:H21,"P")>0,"P",IF(SUMPRODUCT((Appels!G21:H21="P*")*1)>0,"P*",IF(SUMPRODUCT((Appels!G21:H21="?")*1)>0,"?","NV"))) | I20: =IF(COUNTIFS(Appels!I21:J21,"P")>0,"P",IF(SUMPRODUCT((Appels!I21:J21="P*")*1)>0,"P*",IF(SUMPRODUCT((Appels!I21:J21="?")*1)>0,"?","NV"))) | J20: =IF(COUNTIFS(Appels!K21:M21,"P")>0,"P",IF(SUMPRODUCT((Appels!K21:M21="P*")*1)>0,"P*",IF(SUMPRODUCT((Appels!K21:M21="?")*1)>0,"?","NV"))) | K20: =IF(COUNTIFS(Appels!N21:O21,"P")>0,"P",IF(SUMPRODUCT((Appels!N21:O21="P*")*1)>0,"P*",IF(SUMPRODUCT((Appels!N21:O21="?")*1)>0,"?","NV"))) | L20: =IF(COUNTIFS(Appels!P21:P21,"P")>0,"P",IF(SUMPRODUCT((Appels!P21:P21="P*")*1)>0,"P*",IF(SUMPRODUCT((Appels!P21:P21="?")*1)>0,"?","NV"))) | M20: =IF(COUNTIFS(Appels!Q21:Q21,"P")>0,"P",IF(SUMPRODUCT((Appels!Q21:Q21="P*")*1)>0,"P*",IF(SUMPRODUCT((Appels!Q21:Q21="?")*1)>0,"?","NV"))) | N20: =COUNTIFS(E20:M20,"P") | O20: =SUMPRODUCT((E20:M20="P*")*1)
A21: 32926 | B21: N'GUESSAN MOAYE FABRICE | E21: =IF(COUNTIFS(Appels!C22:C22,"P")>0,"P",IF(SUMPRODUCT((Appels!C22:C22="P*")*1)>0,"P*",IF(SUMPRODUCT((Appels!C22:C22="?")*1)>0,"?","NV"))) | F21: =IF(COUNTIFS(Appels!D22:E22,"P")>0,"P",IF(SUMPRODUCT((Appels!D22:E22="P*")*1)>0,"P*",IF(SUMPRODUCT((Appels!D22:E22="?")*1)>0,"?","NV"))) | G21: =IF(COUNTIFS(Appels!F22:F22,"P")>0,"P",IF(SUMPRODUCT((Appels!F22:F22="P*")*1)>0,"P*",IF(SUMPRODUCT((Appels!F22:F22="?")*1)>0,"?","NV"))) | H21: =IF(COUNTIFS(Appels!G22:H22,"P")>0,"P",IF(SUMPRODUCT((Appels!G22:H22="P*")*1)>0,"P*",IF(SUMPRODUCT((Appels!G22:H22="?")*1)>0,"?","NV"))) | I21: =IF(COUNTIFS(Appels!I22:J22,"P")>0,"P",IF(SUMPRODUCT((Appels!I22:J22="P*")*1)>0,"P*",IF(SUMPRODUCT((Appels!I22:J22="?")*1)>0,"?","NV"))) | J21: =IF(COUNTIFS(Appels!K22:M22,"P")>0,"P",IF(SUMPRODUCT((Appels!K22:M22="P*")*1)>0,"P*",IF(SUMPRODUCT((Appels!K22:M22="?")*1)>0,"?","NV"))) | K21: =IF(COUNTIFS(Appels!N22:O22,"P")>0,"P",IF(SUMPRODUCT((Appels!N22:O22="P*")*1)>0,"P*",IF(SUMPRODUCT((Appels!N22:O22="?")*1)>0,"?","NV"))) | L21: =IF(COUNTIFS(Appels!P22:P22,"P")>0,"P",IF(SUMPRODUCT((Appels!P22:P22="P*")*1)>0,"P*",IF(SUMPRODUCT((Appels!P22:P22="?")*1)>0,"?","NV"))) | M21: =IF(COUNTIFS(Appels!Q22:Q22,"P")>0,"P",IF(SUMPRODUCT((Appels!Q22:Q22="P*")*1)>0,"P*",IF(SUMPRODUCT((Appels!Q22:Q22="?")*1)>0,"?","NV"))) | N21: =COUNTIFS(E21:M21,"P") | O21: =SUMPRODUCT((E21:M21="P*")*1)
A22: 32694 | B22: SAKO LADJI LOSSENY | E22: =IF(COUNTIFS(Appels!C23:C23,"P")>0,"P",IF(SUMPRODUCT((Appels!C23:C23="P*")*1)>0,"P*",IF(SUMPRODUCT((Appels!C23:C23="?")*1)>0,"?","NV"))) | F22: =IF(COUNTIFS(Appels!D23:E23,"P")>0,"P",IF(SUMPRODUCT((Appels!D23:E23="P*")*1)>0,"P*",IF(SUMPRODUCT((Appels!D23:E23="?")*1)>0,"?","NV"))) | G22: =IF(COUNTIFS(Appels!F23:F23,"P")>0,"P",IF(SUMPRODUCT((Appels!F23:F23="P*")*1)>0,"P*",IF(SUMPRODUCT((Appels!F23:F23="?")*1)>0,"?","NV"))) | H22: =IF(COUNTIFS(Appels!G23:H23,"P")>0,"P",IF(SUMPRODUCT((Appels!G23:H23="P*")*1)>0,"P*",IF(SUMPRODUCT((Appels!G23:H23="?")*1)>0,"?","NV"))) | I22: =IF(COUNTIFS(Appels!I23:J23,"P")>0,"P",IF(SUMPRODUCT((Appels!I23:J23="P*")*1)>0,"P*",IF(SUMPRODUCT((Appels!I23:J23="?")*1)>0,"?","NV"))) | J22: =IF(COUNTIFS(Appels!K23:M23,"P")>0,"P",IF(SUMPRODUCT((Appels!K23:M23="P*")*1)>0,"P*",IF(SUMPRODUCT((Appels!K23:M23="?")*1)>0,"?","NV"))) | K22: =IF(COUNTIFS(Appels!N23:O23,"P")>0,"P",IF(SUMPRODUCT((Appels!N23:O23="P*")*1)>0,"P*",IF(SUMPRODUCT((Appels!N23:O23="?")*1)>0,"?","NV"))) | L22: =IF(COUNTIFS(Appels!P23:P23,"P")>0,"P",IF(SUMPRODUCT((Appels!P23:P23="P*")*1)>0,"P*",IF(SUMPRODUCT((Appels!P23:P23="?")*1)>0,"?","NV"))) | M22: =IF(COUNTIFS(Appels!Q23:Q23,"P")>0,"P",IF(SUMPRODUCT((Appels!Q23:Q23="P*")*1)>0,"P*",IF(SUMPRODUCT((Appels!Q23:Q23="?")*1)>0,"?","NV"))) | N22: =COUNTIFS(E22:M22,"P") | O22: =SUMPRODUCT((E22:M22="P*")*1)
B24: Présences identifiées (P) | E24: =COUNTIFS(E7:E22,"P") | F24: =COUNTIFS(F7:F22,"P") | G24: =COUNTIFS(G7:G22,"P") | H24: =COUNTIFS(H7:H22,"P") | I24: =COUNTIFS(I7:I22,"P") | J24: =COUNTIFS(J7:J22,"P") | K24: =COUNTIFS(K7:K22,"P") | L24: =COUNTIFS(L7:L22,"P") | M24: =COUNTIFS(M7:M22,"P")
B25: Rapprochements probables (P*) | E25: =SUMPRODUCT((E7:E22="P*")*1) | F25: =SUMPRODUCT((F7:F22="P*")*1) | G25: =SUMPRODUCT((G7:G22="P*")*1) | H25: =SUMPRODUCT((H7:H22="P*")*1) | I25: =SUMPRODUCT((I7:I22="P*")*1) | J25: =SUMPRODUCT((J7:J22="P*")*1) | K25: =SUMPRODUCT((K7:K22="P*")*1) | L25: =SUMPRODUCT((L7:L22="P*")*1) | M25: =SUMPRODUCT((M7:M22="P*")*1)
B26: Appels disponibles | E26: 1 | F26: 2 | G26: 1 | H26: 2 | I26: 2 | J26: 3 | K26: 2 | L26: 1 | M26: 1
A28: Noms non rattachés avec certitude
A29: 07/09/2026 — AKON CEDRIC EBRANDON OBOE : présent à 19:57, mais absent du fichier des 16 auditeurs.
A30: 14/09/2026 — Besdaaaaa : visible aux deux appels ; correspondance possible avec BESDALI YOHAN ARMSTRONG, à confirmer.
A32: Rapprochements sur nom court (P*)
A33: 12/09 : AHOU → AKA AHOU GERVAISE NAOMI ; ALIMA → COULIBALY ALIMA VALERIE.
A34: 14, 15 et 19/09 : KACOU → KACOU AYA AGNES EMMANUELLA LESLIE. 19/09 : karl → AGBATO KARL VIANNEY EMMANUEL.
A36: BABA KOUROUMA est l'enseignant / organisateur de la réunion Teams. La capture du 13/09 montre un workflow, pas une réunion.
A37: Les jours P et P* sont comptés séparément. La durée de présence et les absences définitives ne sont pas déduites des captures.

Sheet Appels
A2: Détail des appels
A3: Les captures identiques ou complémentaires très proches sont regroupées. Les relevés différents sont conservés.
A4: Le 15/09, les relevés de 18:30 et 18:31 sont séparés car deux participants supplémentaires apparaissent.
A6: Matricule | B6: Nom et prénom | C6: 46272 | D6: 46273 | E6: 46273 | F6: 46276 | G6: 46277 | H6: 46277 | I6: 46279 | J6: 46279 | K6: 46280 | L6: 46280 | M6: 46280 | N6: 46284 | O6: 46284 | P6: 46286 | Q6: 46287
C7: Appel 1 19:57 | D7: Appel 1 18:28–18:30 | E7: Appel 2 20:06 | F7: Appel 1 18:33 | G7: Appel 1 10:36 | H7: Appel 2 11:55 | I7: Appel 1 18:47 | J7: Appel 2 20:17 | K7: Appel 1 18:30 | L7: Appel 2 18:31 | M7: Appel 3 19:56 | N7: Appel 1 08:32 | O7: Appel 2 12:03 | P7: Appel 1 19:44 | Q7: Appel 1 18:22
A8: 33021 | B8: AGBATO KARL VIANNEY EMMANUEL | C8: P | D8: NV | E8: P | F8: P | G8: NV | H8: NV | I8: P | J8: P | K8: NV | L8: NV | M8: P | N8: NV | O8: P* | P8: P | Q8: NV
A9: 32260 | B9: AKA AHOU GERVAISE NAOMI | C9: P | D9: NV | E9: P | F9: NV | G9: P* | H9: P* | I9: NV | J9: P | K9: NV | L9: NV | M9: NV | N9: NV | O9: NV | P9: NV | Q9: NV
A10: 33055 | B10: BAKARE MARIAM | C10: P | D10: NV | E10: P | F10: P | G10: P | H10: P | I10: P | J10: NV | K10: P | L10: P | M10: P | N10: P | O10: P | P10: P | Q10: P
A11: 33592 | B11: BAMBA MOHAMED | C11: P | D11: NV | E11: NV | F11: NV | G11: P | H11: P | I11: P | J11: P | K11: NV | L11: NV | M11: P | N11: P | O11: NV | P11: NV | Q11: NV
A12: 32197 | B12: BEKLOU HIEOUYA AUDE SAMIRAH | C12: P | D12: P | E12: P | F12: NV | G12: P | H12: P | I12: NV | J12: NV | K12: NV | L12: NV | M12: P | N12: NV | O12: P | P12: NV | Q12: NV
A13: 32688 | B13: BESDALI YOHAN ARMSTRONG | C13: P | D13: NV | E13: NV | F13: P | G13: NV | H13: NV | I13: ? | J13: ? | K13: P | L13: P | M13: P | N13: NV | O13: NV | P13: P | Q13: P
A14: 33036 | B14: BOUNDY ASSETOU IBRAHIM | C14: NV | D14: P | E14: P | F14: P | G14: P | H14: P | I14: P | J14: P | K14: P | L14: P | M14: P | N14: P | O14: P | P14: P | Q14: P
A15: 32365 | B15: CAMARA OFFE KALPI ANGE-EMMANUEL | C15: P | D15: P | E15: NV | F15: P | G15: NV | H15: NV | I15: NV | J15: NV | K15: NV | L15: NV | M15: NV | N15: NV | O15: NV | P15: P | Q15: NV
A16: 32982 | B16: COULIBALY ALIMA VALERIE | C16: NV | D16: NV | E16: P | F16: NV | G16: P* | H16: P* | I16: NV | J16: P | K16: NV | L16: NV | M16: P | N16: P | O16: P | P16: NV | Q16: NV
A17: 33042 | B17: COULIBALY KADIDIATOU | C17: NV | D17: P | E17: P | F17: NV | G17: NV | H17: NV | I17: NV | J17: P | K17: NV | L17: P | M17: NV | N17: NV | O17: NV | P17: NV | Q17: NV
A18: 33596 | B18: DIAKITE MODIBO | C18: P | D18: P | E18: P | F18: P | G18: NV | H18: P | I18: NV | J18: P | K18: NV | L18: NV | M18: P | N18: NV | O18: P | P18: P | Q18: NV
A19: 33614 | B19: GBLA TONGA ELIEL | C19: P | D19: P | E19: P | F19: P | G19: P | H19: P | I19: P | J19: P | K19: NV | L19: NV | M19: P | N19: P | O19: P | P19: P | Q19: P
... A23: 32694 | B23: SAKO LADJI LOSSENY | C23: P | D23: P | E23: P | F23: P | G23: NV | H23: NV | I23: P | J23: P | K23: NV | L23: NV | M23: P | N23: P | O23: P | P23: P | Q23: P
B25: Identifiés (P) | C25: =COUNTIFS(C8:C23,"P") | D25: =COUNTIFS(D8:D23,"P") | E25: =COUNTIFS(E8:E23,"P") | F25: =COUNTIFS(F8:F23,"P") | G25: =COUNTIFS(G8:G23,"P") | H25: =COUNTIFS(H8:H23,"P") | I25: =COUNTIFS(I8:I23,"P") | J25: =COUNTIFS(J8:J23,"P") | ... Q25: =COUNTIFS(Q8:Q23,"P")
B26: Probables (P*) | C26: =SUMPRODUCT((C8:C23="P*")*1) | D26: =SUMPRODUCT((D8:D23="P*")*1) | E26: =SUMPRODUCT((E8:E23="P*")*1) | F26: =SUMPRODUCT((F8:F23="P*")*1) | G26: =SUMPRODUCT((G8:G23="P*")*1) | H26: =SUMPRODUCT((H8:H23="P*")*1) | I26: =SUMPRODUCT((I8:I23="P*")*1) | J26: =SUMPRODUCT((J8:J23="P*")*1) | ... Q26: =SUMPRODUCT((Q8:Q23="P*")*1)
B27: Non rattachés | C27: AKON CEDRIC EBRANDON OBOE | D27: — | E27: — | F27: — | G27: — | H27: — | I27: Besdaaaaa | J27: Besdaaaaa | K27: — | L27: — | M27: — | N27: — | O27: — | P27: — | Q27: —
A29: Sources des appels (noms de fichiers)
A30: Date | B30: Appel et heure | C30: Fichiers sources | H30: Traitement
A31: 46272 | B31: 1 — 19:57 | C31: Capture d'écran 2026-09-07 195708.png | H31: Relevé retenu
A32: 46272 | B32: 1 — 19:57 | C32: Capture d'écran 2026-09-07 195723.png | H32: Même appel
A33: 46272 | B33: 1 — 19:57 | C33: Capture d'écran 2026-09-07 195739.png | H33: Même appel
A34: 46273 | B34: 1 — 18:28–18:30 | C34: Capture d'écran 2026-09-08 182811.png | H34: Relevé retenu
A35: 46273 | B35: 1 — 18:28–18:30 | C35: Capture d'écran 2026-09-08 182907.png | H35: Même appel
A36: 46273 | B36: 1 — 18:28–18:30 | C36: Capture d'écran 2026-09-08 182956.png | H36: Même appel
A37: 46273 | B37: 1 — 18:28–18:30 | C37: Capture d'écran 2026-09-08 183010.png | H37: Même appel
A38: 46273 | B38: 1 — 18:28–18:30 | C38: presence 08092026 - 1.png | H38: Même appel
A39: 46273 | B39: 2 — 20:06 | C39: Capture d'écran 2026-09-08 200606.png | H39: Relevé retenu
A40: 46273 | B40: 2 — 20:06 | C40: Capture d'écran 2026-09-08 200617.png | H40: Même appel
A41: 46273 | B41: 2 — 20:06 | C41: presence 08092026 - 2.png | H41: Même appel
A42: 46276 | B42: 1 — 18:33 | C42: Capture d'écran 2026-09-11 183348.png | H42: Relevé retenu
... A63: 46278 | B63: Hors réunion | C63: Capture d'écran 2026-09-13 232311.png | H63: Écarté : workflow

Sheet Correspondances
A2: Correspondance des noms
A3: Référence : Contacts auditeurs LPRIGL (1).xlsx — Feuil1, lignes 7 à 22. Ordre et matricules conservés.
A4: Un nom court unique donne P*. Aucun rapprochement ne repose sur les seules initiales ou la photo de profil.
A6: Matricule | B6: Nom dans le fichier Excel | C6: Noms affichés dans Teams | D6: Règle de rapprochement
A7: 33021 | B7: AGBATO KARL VIANNEY EMMANUEL | C7: KARL VIANNEY AGBATO ; Karl Agbato ; karl | D7: Plusieurs éléments concordants ; « karl » seul est P*.
A8: 32260 | B8: AKA AHOU GERVAISE NAOMI | C8: AHOU GERVAISE NAOMI AKA ; AHOU | D8: Nom et prénoms concordants ; « AHOU » seul est P*.
A9: 33055 | B9: BAKARE MARIAM | C9: MARIAM ADEOLA BAKARE | D9: BAKARE et MARIAM concordent ; ADEOLA est un prénom supplémentaire.
A10: 33592 | B10: BAMBA MOHAMED | C10: MOHAMED BAMBA | D10: Nom et prénom inversés.
A11: 32197 | B11: BEKLOU HIEOUYA AUDE SAMIRAH | C11: HIEOUYA AUDE SAMIRAH BEKLOU | D11: Même nom et mêmes prénoms dans un ordre différent.
A12: 32688 | B12: BESDALI YOHAN ARMSTRONG | C12: DJAMA YOHAN ARMSTRONG ELOHIM BESDALI ; Besdaaaaa | D12: BESDALI, YOHAN et ARMSTRONG concordent ; « Besdaaaaa » reste ?.
A13: 33036 | B13: BOUNDY ASSETOU IBRAHIM | C13: ASSETOU IBRAHIM BOUNDY ; Assetou Boundy | D13: BOUNDY et ASSETOU concordent.
A14: 32365 | B14: CAMARA OFFE KALPI ANGE-EMMANUEL | C14: OFFE KALPI ANGE-EMMANUEL CAMARA ; OFFE KALPI ANGE-EMMANUEL C... ; Ange-Emmanuel Camara | D14: Nom complet et plusieurs prénoms concordants, y compris dans la version tronquée.
A15: 32982 | B15: COULIBALY ALIMA VALERIE | C15: COULIBALY HALIMA ; ALIMA ; COULIBALY ALIMA VALERIE ; COULIBALY ALIMAVALERIE ; COULIBALYALIMAVALERIE | D15: ALIMA/HALIMA est une variante orthographique avec COULIBALY ; « ALIMA » seul est P*.
A16: 33042 | B16: COULIBALY KADIDIATOU | C16: KADIDIATOU COULIBALY | D16: Nom et prénom inversés.
A17: 33596 | B17: DIAKITE MODIBO | C17: MODIBO DIAKITE | D17: Nom et prénom inversés.
... A22: 32694 | B22: SAKO LADJI LOSSENY | C22: LADJI LOSSENY SAKO ; Losseny Sako | D22: LOSSENY et SAKO concordent.
A24: P* correspond à une hypothèse explicite fondée sur un nom ou prénom unique parmi les 16 auditeurs.
A25: « Besdaaaaa » est trop éloigné du nom officiel pour être validé automatiquement. Il n’est compté ni en P ni en P*.
